[
  {
    "id": "search-on-google",
    "description": "As an user\r\nI want to search on Google\r\nSo that I can see results",
    "name": "Search on Google",
    "keyword": "Feature",
    "line": 1,
    "elements": [
      {
        "id": "search-on-google;results-are-shown",
        "description": "",
        "name": "results are shown",
        "keyword": "Scenario",
        "line": 6,
        "steps": [
          {
            "result": {
              "duration": 14347016660,
              "status": "passed"
            },
            "name": "the page is open \"http://www.google.com\"",
            "keyword": "Given ",
            "line": 7,
            "match": {
              "arguments": [
                {
                  "val": "http://www.google.com",
                  "offset": 18
                }
              ],
              "location": "RunStepsTest.the_page_is_open(String)"
            }
          },
          {
            "result": {
              "duration": 2224848968,
              "status": "passed"
            },
            "name": "I search for \"Cucumber\"",
            "keyword": "When ",
            "line": 8,
            "match": {
              "arguments": [
                {
                  "val": "Cucumber",
                  "offset": 14
                }
              ],
              "location": "RunStepsTest.i_search_for(String)"
            }
          },
          {
            "result": {
              "duration": 19412104,
              "status": "passed"
            },
            "name": "a browser title should contains \"Cucumber\"",
            "keyword": "Then ",
            "line": 9,
            "match": {
              "arguments": [
                {
                  "val": "Cucumber",
                  "offset": 33
                }
              ],
              "location": "RunStepsTest.a_browser_title_should_contains(String)"
            }
          }
        ],
        "type": "scenario"
      }
    ],
    "uri": "test/resources/com/runner/GoogleSearch.feature"
  }
]