[
  {
    "id": "search-on-google",
    "description": "As an user\r\nI want to search on Google\r\nSo that I can see results",
    "name": "Search on Google",
    "keyword": "Feature",
    "line": 1,
    "elements": [
      {
        "id": "search-on-google;indian-rail-train-between-station",
        "tags": [
          {
            "name": "@Run",
            "line": 10
          }
        ],
        "description": "",
        "name": "Indian Rail Train Between Station",
        "keyword": "Scenario",
        "line": 11,
        "steps": [
          {
            "result": {
              "duration": 12016032903,
              "status": "passed"
            },
            "name": "the page already open \"http://www.indianrail.gov.in/between_Imp_Stations.html\"",
            "keyword": "Given ",
            "line": 12,
            "match": {
              "arguments": [
                {
                  "val": "http://www.indianrail.gov.in/between_Imp_Stations.html",
                  "offset": 23
                }
              ],
              "location": "StepDefinition.the_page_already_open(String)"
            }
          },
          {
            "result": {
              "duration": 7973947596,
              "status": "passed"
            },
            "name": "I select start station \"HOWRAH - HWH\" End Station \"NEW DELHI - NDLS\" and Submit",
            "keyword": "When ",
            "line": 13,
            "match": {
              "arguments": [
                {
                  "val": "HOWRAH - HWH",
                  "offset": 24
                },
                {
                  "val": "NEW DELHI - NDLS",
                  "offset": 51
                }
              ],
              "location": "StepDefinition.i_select_start_station_End_Station_and_Submit(String,String)"
            }
          },
          {
            "result": {
              "status": "undefined"
            },
            "name": "a browser titl should contains \"Cucumber\"",
            "keyword": "Then ",
            "line": 14,
            "match": {}
          }
        ],
        "type": "scenario"
      }
    ],
    "uri": "Features/GoogleSearch.feature"
  }
]